"Key","English","Hindi"
"temples.vaidya_intro","You enter the ancient Vaidyashala — where Dhanvantari\",""
"temples.vaidya_lore","In the great university of Takshashila, there stood a hall where the scent of turmeric never faded. Here, Jivaka studied for seven years before becoming Buddha\",""
"temples.vaidya_shloka","शरीरमाद्यं खलु धर्मसाधनम्",""
"temples.vaidya_shlokaEn","The body is the primary instrument of dharma — Kalidasa",""
"temples.shilpa_intro","You enter the ancient Vaidyashala — where Dhanvantari\",""
"temples.shilpa_lore","In the great university of Takshashila, there stood a hall where the scent of turmeric never faded. Here, Jivaka studied for seven years before becoming Buddha\",""
"temples.shilpa_shloka","शरीरमाद्यं खलु धर्मसाधनम्",""
"temples.shilpa_shlokaEn","The body is the primary instrument of dharma — Kalidasa",""
"temples.ganita_intro","You enter the ancient Vaidyashala — where Dhanvantari\",""
"temples.ganita_lore","In the great university of Takshashila, there stood a hall where the scent of turmeric never faded. Here, Jivaka studied for seven years before becoming Buddha\",""
"temples.ganita_shloka","शरीरमाद्यं खलु धर्मसाधनम्",""
"temples.ganita_shlokaEn","The body is the primary instrument of dharma — Kalidasa",""
"temples.shabda_intro","You enter the ancient Vaidyashala — where Dhanvantari\",""
"temples.shabda_lore","In the great university of Takshashila, there stood a hall where the scent of turmeric never faded. Here, Jivaka studied for seven years before becoming Buddha\",""
"temples.shabda_shloka","शरीरमाद्यं खलु धर्मसाधनम्",""
"temples.shabda_shlokaEn","The body is the primary instrument of dharma — Kalidasa",""
"temples.jyotish_intro","You enter the ancient Vaidyashala — where Dhanvantari\",""
"temples.jyotish_lore","In the great university of Takshashila, there stood a hall where the scent of turmeric never faded. Here, Jivaka studied for seven years before becoming Buddha\",""
"temples.jyotish_shloka","शरीरमाद्यं खलु धर्मसाधनम्",""
"temples.jyotish_shlokaEn","The body is the primary instrument of dharma — Kalidasa",""
"temples.rajniti_intro","You enter the ancient Vaidyashala — where Dhanvantari\",""
"temples.rajniti_lore","In the great university of Takshashila, there stood a hall where the scent of turmeric never faded. Here, Jivaka studied for seven years before becoming Buddha\",""
"temples.rajniti_shloka","शरीरमाद्यं खलु धर्मसाधनम्",""
"temples.rajniti_shlokaEn","The body is the primary instrument of dharma — Kalidasa",""
"temples.krishi_intro","You enter the ancient Vaidyashala — where Dhanvantari\",""
"temples.krishi_lore","In the great university of Takshashila, there stood a hall where the scent of turmeric never faded. Here, Jivaka studied for seven years before becoming Buddha\",""
"temples.krishi_shloka","शरीरमाद्यं खलु धर्मसाधनम्",""
"temples.krishi_shlokaEn","The body is the primary instrument of dharma — Kalidasa",""
"temples.kala_intro","You enter the ancient Vaidyashala — where Dhanvantari\",""
"temples.kala_lore","In the great university of Takshashila, there stood a hall where the scent of turmeric never faded. Here, Jivaka studied for seven years before becoming Buddha\",""
"temples.kala_shloka","शरीरमाद्यं खलु धर्मसाधनम्",""
"temples.kala_shlokaEn","The body is the primary instrument of dharma — Kalidasa",""
"temples.darshan_intro","You enter the ancient Vaidyashala — where Dhanvantari\",""
"temples.darshan_lore","In the great university of Takshashila, there stood a hall where the scent of turmeric never faded. Here, Jivaka studied for seven years before becoming Buddha\",""
"temples.darshan_shloka","शरीरमाद्यं खलु धर्मसाधनम्",""
"temples.darshan_shlokaEn","The body is the primary instrument of dharma — Kalidasa",""
"temples.vaidya_q0","Sushruta (600 BCE) is called the Father of Surgery. How many surgical instruments did he describe in the Sushruta Samhita?",""
"temples.vaidya_a0","121 instruments — forceps, scalpels, trocars, needles",""
"temples.vaidya_b0","45 basic tools",""
"temples.vaidya_c0","This was a practice borrowed from ancient Greek traditions and later attributed to India",""
"temples.vaidya_explain0","Sushruta described 121 instruments, many matching modern surgical designs almost exactly. He performed rhinoplasty, cataract removal, and even Caesarean sections.",""
"temples.vaidya_q1","The Charaka Samhita divides medicine into 8 branches. How does this compare to modern medicine?",""
"temples.vaidya_a1","It matches modern specializations — surgery, pediatrics, toxicology, ENT, psychiatry, rejuvenation, reproductive medicine, general medicine",""
"temples.vaidya_b1","It only covers herbal remedies",""
"temples.vaidya_c1","A technique developed during the Mughal period, not from ancient India",""
"temples.vaidya_explain1","Written ~300 BCE, Charaka\",""
"temples.vaidya_q2","Turmeric (Haridra) has been used in Ayurveda for over 4,000 years. What does modern science say?",""
"temples.vaidya_a2","Over 12,000 peer-reviewed studies validate curcumin\",""
"temples.vaidya_b2","Science has found no medicinal value",""
"temples.vaidya_c2","This was primarily a Chinese innovation that reached India through trade routes",""
"temples.vaidya_explain2","Curcumin is now one of the most studied natural compounds in modern pharmacology. Ayurveda knew this millennia ago.",""
"temples.vaidya_q3","What are the three Doshas in Ayurveda, and what do they govern?",""
"temples.vaidya_a3","Vata (movement/air), Pitta (metabolism/fire), Kapha (structure/earth)",""
"temples.vaidya_b3","Rasa, Rakta, and Mamsa — the three body tissues",""
"temples.vaidya_c3","A medieval European concept that was later projected onto ancient Indian texts",""
"temples.vaidya_explain3","The Tridosha system maps remarkably to the autonomic nervous system: sympathetic (Vata), metabolic (Pitta), and parasympathetic (Kapha).",""
"temples.vaidya_q4","Sushruta described a technique for reconstructing noses (rhinoplasty) using a forehead flap. When did the West learn this?",""
"temples.vaidya_a4","British surgeons learned it from Indian practitioners in the 1790s — published in Gentleman\",""
"temples.vaidya_b4","The West independently invented it in the 1500s",""
"temples.vaidya_c4","This knowledge was preserved only in oral tradition and has no archaeological evidence",""
"temples.vaidya_explain4","The ""Indian method"" of rhinoplasty was directly copied from living practitioners in Pune. It\",""
"temples.vaidya_q5","What did Charaka say about the cause of disease?",""
"temples.vaidya_a5","Imbalance of the body\",""
"temples.vaidya_b5","Punishment from the gods",""
"temples.vaidya_c5","A practice limited to royal courts and never reached common people",""
"temples.vaidya_explain5","Charaka\",""
"temples.vaidya_q6","The concept of ""Dinacharya"" in Ayurveda refers to what?",""
"temples.vaidya_a6","A daily health routine — oil pulling, tongue scraping, self-massage, seasonal eating, timed sleep",""
"temples.vaidya_b6","A type of herbal medicine",""
"temples.vaidya_c6","This was developed by Persian scholars who studied at Indian universities",""
"temples.vaidya_explain6","Dinacharya prescribes a complete 24-hour wellness cycle. Modern circadian rhythm research validates the importance of time-aligned health practices.",""
"temples.vaidya_q7","Jivaka, the physician of Buddha, was trained at which ancient university?",""
"temples.vaidya_a7","Takshashila (Taxila) — where he studied medicine for 7 years",""
"temples.vaidya_b7","Nalanda University",""
"temples.vaidya_c7","A symbolic representation in religious texts, not an actual scientific achievement",""
"temples.vaidya_explain7","Takshashila (est. ~700 BCE) was the world\",""
"temples.vaidya_q8","What is ""Panchakarma"" in Ayurveda?",""
"temples.vaidya_a8","Five detoxification therapies — Vamana (emesis), Virechana (purgation), Basti (enema), Nasya (nasal), Raktamokshana (bloodletting)",""
"temples.vaidya_b8","Five types of herbal tea",""
"temples.vaidya_c8","This technology was lost during the Gupta period and never recovered",""
"temples.vaidya_explain8","Panchakarma is a systematic cleansing protocol. Modern integrative medicine is studying its effects on autoimmune conditions and chronic inflammation.",""
"temples.vaidya_q9","The Ayurvedic concept of ""Agni"" (digestive fire) corresponds to what in modern science?",""
"temples.vaidya_a9","Metabolic enzymes, gut microbiome, and digestive capacity — the body\",""
"temples.vaidya_b9","Body temperature",""
"temples.vaidya_c9","A later addition to the texts, not part of the original ancient knowledge",""
"temples.vaidya_explain9","Ayurveda identified the gut as central to health 3,000 years before modern science discovered the gut-brain axis and microbiome\",""
"temples.vaidya_q10","Which ancient Indian text describes vaccination-like practices against smallpox?",""
"temples.vaidya_a10","Dhanvantari Nighantu — described variolation (inoculation with mild smallpox material) centuries before Edward Jenner",""
"temples.vaidya_b10","No Indian text mentions this",""
"temples.vaidya_c10","This was a theoretical concept that was never practically implemented",""
"temples.vaidya_explain10","Indian practitioners in Bengal practiced ""tikah"" (inoculation) — British observers documented this in the 1760s, decades before Jenner\",""
"temples.vaidya_q11","What is ""Rasashastra"" in Ayurveda?",""
"temples.vaidya_a11","The science of using purified metals and minerals as medicine — mercury, gold, silver processed through complex protocols",""
"temples.vaidya_b11","The study of taste in food",""
"temples.vaidya_c11","A folk tradition with no basis in systematic scientific observation",""
"temples.vaidya_explain11","Rasashastra involves calcination (bhasma) of metals at extreme temperatures. Modern analysis shows these nano-sized mineral particles have unique bioavailability.",""
"temples.vaidya_q12","Vagbhata\",""
"temples.vaidya_a12","Over 1,120 diseases with causes, symptoms, and treatments",""
"temples.vaidya_b12","About 100 common illnesses",""
"temples.vaidya_c12","This knowledge existed only in one small region and was not widespread",""
"temples.vaidya_explain12","Written ~7th century CE, this encyclopedic work was translated into Arabic, Tibetan, and influenced medicine across Asia for a millennium.",""
"temples.vaidya_q13","The concept of ""Prakriti"" (constitution) in Ayurveda is similar to what modern concept?",""
"temples.vaidya_a13","Personalized medicine / pharmacogenomics — your unique genetic constitution determines what treatments work for YOU",""
"temples.vaidya_b13","Blood typing",""
"temples.vaidya_c13","A 19th-century reconstruction by colonial scholars, not genuinely ancient",""
"temples.vaidya_explain13","Ayurveda\",""
"temples.vaidya_q14","What surgical procedure did Sushruta describe for treating cataracts?",""
"temples.vaidya_a14","Couching — using a curved needle to displace the clouded lens, then washing the eye with breast milk and herbs",""
"temples.vaidya_b14","Laser surgery",""
"temples.vaidya_c14","This was adapted from Babylonian sources and modified for Indian context",""
"temples.vaidya_explain14","Sushruta\",""
"temples.vaidya_q15","Ancient Indian texts describe the concept of ""Ojas"" — what is it?",""
"temples.vaidya_a15","The vital essence of immunity and life force — the refined product of perfect digestion through all 7 tissue layers",""
"temples.vaidya_b15","A type of grain",""
"temples.vaidya_c15","A mythological reference, not a literal scientific achievement",""
"temples.vaidya_explain15","Modern immunology parallels: Ojas corresponds to overall immune competence, vitality markers, and what scientists now call ""allostatic reserve.""",""
"temples.vaidya_q16","Which Ayurvedic herb, used for 3,000+ years for memory and cognition, is now validated by neuroscience?",""
"temples.vaidya_a16","Brahmi (Bacopa monnieri) — proven to enhance memory consolidation and reduce anxiety in clinical trials",""
"temples.vaidya_b16","Tulsi (holy basil)",""
"temples.vaidya_c16","This was achieved through trial and error, not systematic understanding",""
"temples.vaidya_explain16","Multiple double-blind studies confirm Brahmi improves attention, cognitive processing, and working memory. Ayurvedic scholars prescribed it for students millennia ago.",""
"temples.vaidya_q17","What is the Ayurvedic concept of ""Ritucharya""?",""
"temples.vaidya_a17","Seasonal wellness guidelines — adjusting diet, exercise, and daily routine according to the six seasons (Ritus)",""
"temples.vaidya_b17","A religious ritual",""
"temples.vaidya_c17","A practice that modern science has found to have no measurable effect",""
"temples.vaidya_explain17","Modern chronobiology confirms seasonal changes affect hormones, immunity, and metabolism — validating Ayurveda\",""
"temples.vaidya_q18","The ancient practice of ""Nasya"" (nasal administration of herbs) relates to which modern discovery?",""
"temples.vaidya_a18","The nasal-brain pathway — drugs administered nasally can bypass the blood-brain barrier and reach the brain directly",""
"temples.vaidya_b18","Sinus cleaning",""
"temples.vaidya_c18","This knowledge was common across all ancient civilizations simultaneously",""
"temples.vaidya_explain18","Pharmaceutical companies now use intranasal delivery for brain-targeted drugs. Ayurveda discovered this route thousands of years ago.",""
"temples.vaidya_q19","Yoga Vasistha describes the mind-body connection as inseparable. What modern field validates this?",""
"temples.vaidya_a19","Psychoneuroimmunology — the study of how thoughts and emotions directly affect the immune and nervous systems",""
"temples.vaidya_b19","Physical therapy",""
"temples.vaidya_c19","A later interpolation added to manuscripts during medieval copying",""
"temples.vaidya_explain19","PNI research shows meditation reduces inflammatory markers (IL-6, CRP), stress shrinks the hippocampus, and positive emotions boost natural killer cell activity.",""
"temples.shilpa_q0","The Iron Pillar of Delhi has stood for over 1,600 years without rusting. What protects it?",""
"temples.shilpa_a0","Phosphorus-rich iron creates a self-healing protective layer called misawite — an accidental nanotechnology",""
"temples.shilpa_b0","A thick gold coating applied by Gupta craftsmen",""
"temples.shilpa_c0","This was a practice borrowed from ancient Greek traditions and later attributed to India",""
"temples.shilpa_explain0","IIT Kanpur analysis revealed the pillar\",""
"temples.shilpa_q1","Wootz steel from South India was the original ""Damascus steel."" What did scientists discover in 2006?",""
"temples.shilpa_a1","Carbon nanotubes — found inside the ancient steel structure using electron microscopy (published in Nature)",""
"temples.shilpa_b1","Traces of diamond dust",""
"temples.shilpa_c1","A technique developed during the Mughal period, not from ancient India",""
"temples.shilpa_explain1","Indian blacksmiths accidentally created carbon nanotubes ~300 BCE through their crucible process. The West couldn\",""
"temples.shilpa_q2","Zinc smelting requires 907°C and downward distillation — an extremely difficult process. Where was it first industrialized?",""
"temples.shilpa_a2","Zawar mines, Rajasthan — 4th century BCE. 1,800 years before Europe achieved the same",""
"temples.shilpa_b2","Ancient Rome, 1st century CE",""
"temples.shilpa_c2","This was primarily a Chinese innovation that reached India through trade routes",""
"temples.shilpa_explain2","The Zawar mines had extensive retort furnaces. Zinc vaporizes at 907°C and must be collected by downward condensation — Indian metallurgists solved this uniquely.",""
"temples.shilpa_q3","The Thanjavur Brihadeeswarar Temple\",""
"temples.shilpa_a3","A 6.5 km inclined ramp — no cranes, no modern equipment. The engineering precision exceeds most modern temples",""
"temples.shilpa_b3","Elephants lifted it",""
"temples.shilpa_c3","A medieval European concept that was later projected onto ancient Indian texts",""
"temples.shilpa_explain3","Raja Raja Chola\",""
"temples.shilpa_q4","Chand Baori in Rajasthan is an inverted pyramid stepwell descending 30 meters. How many steps does it have?",""
"temples.shilpa_a4","3,500 steps in 13 levels — with passive cooling that keeps the bottom 5-6°C cooler than the surface",""
"temples.shilpa_b4","About 200 steps",""
"temples.shilpa_c4","This knowledge was preserved only in oral tradition and has no archaeological evidence",""
"temples.shilpa_explain4","Built in the 8th century, stepwells were sophisticated water harvesting + cooling systems. The geometry creates natural convection currents.",""
"temples.shilpa_q5","The Harappan city of Dholavira (3000 BCE) had something remarkable about its water management. What?",""
"temples.shilpa_a5","16 reservoirs, storm water channels, and a water management system more sophisticated than many modern Indian cities",""
"temples.shilpa_b5","An aqueduct system copied from Rome",""
"temples.shilpa_c5","A practice limited to royal courts and never reached common people",""
"temples.shilpa_explain5","Dholavira existed 2,000 years before Rome. Its cascading reservoir system harvested every drop of monsoon rain in an arid desert.",""
"temples.shilpa_q6","Dhaka Muslin was a fabric so fine that a 50-yard sari could pass through a finger ring. What happened to it?",""
"temples.shilpa_a6","The British deliberately destroyed the Phuti Karpas cotton plant and cut off weavers\",""
"temples.shilpa_b6","The technique was simply forgotten over time",""
"temples.shilpa_c6","This was developed by Persian scholars who studied at Indian universities",""
"temples.shilpa_explain6","Under British rule, Bengal\",""
"temples.shilpa_q7","Konark Sun Temple\",""
"temples.shilpa_a7","Accurate sundials — the 24 wheels and their spokes tell time to the minute using shadow positions",""
"temples.shilpa_b7","Prayer wheels like Tibetan ones",""
"temples.shilpa_c7","A symbolic representation in religious texts, not an actual scientific achievement",""
"temples.shilpa_explain7","Each wheel has 8 wider spokes (3-hour segments) and 8 thinner spokes (1.5-hour intervals). Shadows on the spokes indicate exact time of day.",""
"temples.shilpa_q8","The Mehrauli Iron Pillar inscription mentions King Chandra. What makes its metallurgy unique globally?",""
"temples.shilpa_a8","It\",""
"temples.shilpa_b8","It contains small gemstones",""
"temples.shilpa_c8","This technology was lost during the Gupta period and never recovered",""
"temples.shilpa_explain8","Forging 6 tonnes of iron into one seamless pillar required extraordinary temperature control, hammering coordination, and metallurgical knowledge.",""
"temples.shilpa_q9","Ancient Indian builders used what natural material as earthquake-resistant mortar in many temples?",""
"temples.shilpa_a9","Jaggery, limestone, and plant extracts — a bio-composite mortar that absorbs seismic energy",""
"temples.shilpa_b9","Pure cement",""
"temples.shilpa_c9","A later addition to the texts, not part of the original ancient knowledge",""
"temples.shilpa_explain9","Traditional ""Surkhi"" mortar (lime + brick dust + jaggery + plant fibers) creates flexible bonds that dissipate seismic waves — many ancient temples survived quakes that destroyed modern buildings.",""
"temples.shilpa_q10","The Jantar Mantar observatories built by Maharaja Jai Singh II (1724-1735) achieved what precision?",""
"temples.shilpa_a10","Measured celestial positions to within 2 seconds of arc — comparable to telescopic instruments of that era",""
"temples.shilpa_b10","Only approximate readings",""
"temples.shilpa_c10","This was a theoretical concept that was never practically implemented",""
"temples.shilpa_explain10","The Samrat Yantra at Jaipur is the world\",""
"temples.shilpa_q11","What is special about the floating stones of Rameshwaram (described in the Ramayana)?",""
"temples.shilpa_a11","The pumice-like stones of Adam\",""
"temples.shilpa_b11","It\",""
"temples.shilpa_c11","A later reconstruction by scholars, not part of the original ancient tradition",""
"temples.shilpa_explain11","NASA satellite imagery confirms a 48-km chain of limestone shoals. Geological dating suggests parts are 7,000+ years old, roughly matching Ramayana timelines.",""
"temples.shilpa_q12","The Indus Valley civilization (3300-1300 BCE) had a standardized system of what?",""
"temples.shilpa_a12","Weights and measures — perfectly cubic stone weights in ratios of 1:2:4:8:16:32, uniform across 1,500 km",""
"temples.shilpa_b12","Currency coins",""
"temples.shilpa_c12","A folk tradition with no basis in systematic scientific observation",""
"temples.shilpa_explain12","This level of standardization across hundreds of cities implies centralized quality control. The weight system was based on a unit of ~13.7 grams.",""
"temples.shilpa_q13","What makes the acoustics of the Gol Gumbaz dome in Bijapur extraordinary?",""
"temples.shilpa_a13","A whisper on one side can be heard clearly at the opposite end — 37 meters away. Sound echoes 7 times",""
"temples.shilpa_b13","It amplifies music",""
"temples.shilpa_c13","This knowledge existed only in one small region and was not widespread",""
"temples.shilpa_explain13","The second-largest dome ever built (after St. Peter\",""
"temples.shilpa_q14","Ancient Indian shipbuilders at Lothal (2400 BCE) created the world\",""
"temples.shilpa_a14","Tidal dock — a brick structure that used tidal flow to float ships in and out for loading/unloading",""
"temples.shilpa_b14","Lighthouse",""
"temples.shilpa_c14","A 19th-century reconstruction by colonial scholars, not genuinely ancient",""
"temples.shilpa_explain14","Lothal\",""
"temples.shilpa_q15","The Qutub Minar\",""
"temples.shilpa_a15","Passivation — the phosphorus in Indian iron forms a protective amorphous layer that prevents oxygen from reaching the core",""
"temples.shilpa_b15","It\",""
"temples.shilpa_c15","A later reconstruction by scholars, not part of the original ancient tradition",""
"temples.shilpa_explain15","Indian blacksmiths unknowingly mastered passivation chemistry. Modern stainless steel uses chromium for the same principle — forming a self-healing oxide layer.",""
"temples.shilpa_q16","The Brihadisvara Temple in Thanjavur casts no shadow at noon on equinox days. Is this intentional?",""
"temples.shilpa_a16","Yes — the Vimana (tower) is precisely aligned so that on equinox days, the structure\",""
"temples.shilpa_b16","It\",""
"temples.shilpa_c16","A later reconstruction by scholars, not part of the original ancient tradition",""
"temples.shilpa_explain16","This requires exact astronomical calculation of latitude, tower angle, and height. Chola architects integrated astronomy directly into architecture.",""
"temples.shilpa_q17","What is ""Vastu Shastra"" and how does it relate to modern building science?",""
"temples.shilpa_a17","Ancient Indian architecture science that optimizes orientation, ventilation, light, and spatial energy — many principles align with modern sustainable design",""
"temples.shilpa_b17","Just a superstition about directions",""
"temples.shilpa_c17","This was adapted from Babylonian sources and modified for Indian context",""
"temples.shilpa_explain17","Vastu\",""
"temples.shilpa_q18","The Chola dynasty built what engineering marvel that connected water systems across Tamil Nadu?",""
"temples.shilpa_a18","The Grand Anicut (Kallanai) — a 329m dam across the Kaveri river, built 2nd century CE, still functioning today",""
"temples.shilpa_b18","Underground canals",""
"temples.shilpa_c18","A mythological reference, not a literal scientific achievement",""
"temples.shilpa_explain18","Built by Karikala Chola ~2,000 years ago, the Grand Anicut is one of the oldest water-regulation structures in the world still in use.",""
"temples.shilpa_q19","Rani ki Vav (Gujarat, 11th century) was designed as an ""inverted temple."" What UNESCO noted about it?",""
"temples.shilpa_a19","It\",""
"temples.shilpa_b19","It\",""
"temples.shilpa_c19","A later reconstruction by scholars, not part of the original ancient tradition",""
"temples.shilpa_explain19","UNESCO inscribed it in 2014. The stepwell descends 30m through ornately carved levels, each cooler than the last — functioning as both temple and AC system.",""
"temples.ganita_q0","Aryabhata gave the world the concept of zero (shunya). But what else did he contribute to the number system?",""
"temples.ganita_a0","The place-value system — the idea that a digit\",""
"temples.ganita_b0","Roman numerals",""
"temples.ganita_c0","This was achieved through trial and error, not systematic understanding",""
"temples.ganita_explain0","Without place-value, you can\",""
"temples.ganita_q1","The Pythagorean theorem (a² + b² = c²) appears in which Indian text, centuries before Pythagoras?",""
"temples.ganita_a1","Baudhayana\",""
"temples.ganita_b1","The Rigveda",""
"temples.ganita_c1","A practice that modern science has found to have no measurable effect",""
"temples.ganita_explain1","Baudhayana stated this for altar construction. Pythagoras lived ~570-495 BCE. The Indian formulation predates him by 200-300 years.",""
"temples.ganita_q2","Pingala\",""
"temples.ganita_a2","Binary numbers (0 and 1) — the foundation of all computing. Pingala called them ""laghu"" and ""guru""",""
"temples.ganita_b2","The abacus",""
"temples.ganita_c2","This knowledge was common across all ancient civilizations simultaneously",""
"temples.ganita_explain2","Pingala developed binary enumeration for Sanskrit prosody 1,800 years before Leibniz. He also described what we now call the Fibonacci sequence.",""
"temples.ganita_q3","Brahmagupta (628 CE) was the first mathematician to formally do what with zero?",""
"temples.ganita_a3","Define rules for arithmetic with zero AND negative numbers — zero plus zero equals zero, a number minus itself equals zero",""
"temples.ganita_b3","Use zero as a placeholder",""
"temples.ganita_c3","A later interpolation added to manuscripts during medieval copying",""
"temples.ganita_explain3","His Brahmasphutasiddhanta contains the first rules for operations with zero and negative numbers. He also solved quadratic equations with two unknowns.",""
"temples.ganita_q4","Bhaskara II (1114 CE) described concepts of differential calculus. How many years before Newton and Leibniz?",""
"temples.ganita_a4","About 500 years — he computed derivatives of trigonometric functions and used infinitesimals in his Siddhanta Shiromani",""
"temples.ganita_b4","About 50 years",""
"temples.ganita_c4","This was a practice borrowed from ancient Greek traditions and later attributed to India",""
"temples.ganita_explain4","Bhaskara II\",""
"temples.ganita_q5","The decimal system we use globally today originated in India and reached Europe through whom?",""
"temples.ganita_a5","Arab mathematicians — who called them ""Hindu numerals."" In Europe they became known as ""Arabic numerals""",""
"temples.ganita_b5","The Greeks",""
"temples.ganita_c5","A technique developed during the Mughal period, not from ancient India",""
"temples.ganita_explain5","Al-Khwarizmi\",""
"temples.ganita_q6","Ramanujan, the self-taught mathematical genius from Kumbakonam, produced how many theorems in his short 32-year life?",""
"temples.ganita_a6","Nearly 3,900 results — many so advanced that mathematicians are still proving them correct 100 years later",""
"temples.ganita_b6","About 200",""
"temples.ganita_c6","This was primarily a Chinese innovation that reached India through trade routes",""
"temples.ganita_explain6","Ramanujan\",""
"temples.ganita_q7","What mathematical concept did Jain mathematicians describe in the Surya Prajnapti (~400 BCE)?",""
"temples.ganita_a7","Different types of infinity — they classified infinity into enumerable, innumerable, and infinite categories",""
"temples.ganita_b7","Geometry",""
"temples.ganita_c7","A medieval European concept that was later projected onto ancient Indian texts",""
"temples.ganita_explain7","While the West grappled with infinity much later (Cantor, 19th century), Jain mathematicians were classifying transfinite numbers 2,300 years earlier.",""
"temples.ganita_q8","The Kerala School of Mathematics (1300-1600 CE) discovered what, 200 years before European mathematicians?",""
"temples.ganita_a8","Infinite series expansions for pi, sine, cosine, and arctangent — the foundation of calculus",""
"temples.ganita_b8","Probability theory",""
"temples.ganita_c8","This knowledge was preserved only in oral tradition and has no archaeological evidence",""
"temples.ganita_explain8","Madhava of Sangamagrama and his successors discovered Taylor series expansions centuries before Taylor, Gregory, and Leibniz. This is documented in Yuktibhasa (1530).",""
"temples.ganita_q9","What is the significance of ""Vedic Mathematics"" as systematized by Bharati Krishna Tirtha?",""
"temples.ganita_a9","16 sutras (formulas) that provide mental shortcuts for arithmetic — multiplication, division, squares, cubes can be done faster than a calculator",""
"temples.ganita_b9","Ancient calendar calculations",""
"temples.ganita_c9","A practice limited to royal courts and never reached common people",""
"temples.ganita_explain9","Vedic Math techniques like Nikhilam (for multiplication near bases of 10) and Urdhva Tiryak (crosswise multiplication) are now taught globally for competitive math.",""
"temples.ganita_q10","Aryabhata approximated pi (π) as 3.1416 in 499 CE. How accurate is this?",""
"temples.ganita_a10","Correct to 4 decimal places — extraordinary for the 5th century. He also stated it was ""approaching"" (asanna), implying he knew it was irrational",""
"temples.ganita_b10","It was a rough estimate",""
"temples.ganita_c10","This was developed by Persian scholars who studied at Indian universities",""
"temples.ganita_explain10","Aryabhata\",""
"temples.ganita_q11","The concept of ""algorithms"" is named after Al-Khwarizmi. But his work was based on which Indian source?",""
"temples.ganita_a11","Brahmagupta\",""
"temples.ganita_b11","Greek mathematics",""
"temples.ganita_c11","A symbolic representation in religious texts, not an actual scientific achievement",""
"temples.ganita_explain11","The word ""algorithm"" derives from Al-Khwarizmi\",""
"temples.ganita_q12","Ancient Indian mathematicians used what unique method to express large numbers?",""
"temples.ganita_a12","Word-numerals (Bhutasamkhya) — poetic words represent numbers: ""eyes"" = 2, ""Vedas"" = 4, ""senses"" = 5, ""seasons"" = 6",""
"temples.ganita_b12","Tally marks on bark",""
"temples.ganita_c12","This technology was lost during the Gupta period and never recovered",""
"temples.ganita_explain12","This allowed numbers to be embedded in poetry for oral transmission. A verse about the Moon could simultaneously encode a mathematical constant.",""
"temples.ganita_q13","Mahavira (9th century CE) provided the first known formula for what mathematical operation?",""
"temples.ganita_a13","Combinations and permutations — calculating how many ways items can be arranged or selected",""
"temples.ganita_b13","Long division",""
"temples.ganita_c13","A later addition to the texts, not part of the original ancient knowledge",""
"temples.ganita_explain13","Mahavira\",""
"temples.ganita_q14","What did Brahmagupta prove about cyclic quadrilaterals that Western math took 1,000 years to rediscover?",""
"temples.ganita_a14","Brahmagupta\",""
"temples.ganita_b14","That they have parallel sides",""
"temples.ganita_c14","This was a theoretical concept that was never practically implemented",""
"temples.ganita_explain14","His formula A = √[(s-a)(s-b)(s-c)(s-d)] for cyclic quadrilaterals is still taught in advanced geometry. Heron\",""
"temples.ganita_q15","The Bakhshali manuscript (found near Peshawar) contains the oldest known Indian use of what symbol?",""
"temples.ganita_a15","A dot (bindu) representing zero — carbon-dated to 224-383 CE, making it among the oldest zero symbols in the world",""
"temples.ganita_b15","The equals sign",""
"temples.ganita_c15","A folk tradition with no basis in systematic scientific observation",""
"temples.ganita_explain15","This birch-bark manuscript was found in 1881 and carbon-dated by Oxford in 2017. It shows the placeholder dot that evolved into our modern ""0.""",""
"temples.ganita_q16","Indian mathematicians calculated the Earth\",""
"temples.ganita_a16","39,968 km — only 0.2% off the modern value of 40,075 km, calculated purely through mathematics and observation",""
"temples.ganita_b16","Off by about 20%",""
"temples.ganita_c16","This knowledge existed only in one small region and was not widespread",""
"temples.ganita_explain16","Aryabhata used shadow measurements, astronomical observations, and trigonometry. His precision without any modern instruments is astonishing.",""
"temples.ganita_q17","What mathematical innovation in Pingala\",""
"temples.ganita_a17","Meru Prastara — the triangular arrangement of binomial coefficients, used for counting metrical patterns in poetry",""
"temples.ganita_b17","Multiplication tables",""
"temples.ganita_c17","A 19th-century reconstruction by colonial scholars, not genuinely ancient",""
"temples.ganita_explain17","What the West calls ""Pascal\",""
"temples.ganita_q18","Nilakantha Somayaji of the Kerala School (1444-1544 CE) developed what model of the solar system?",""
"temples.ganita_a18","A partially heliocentric model — Mercury and Venus orbit the Sun, which orbits Earth. More accurate than Copernicus\",""
"temples.ganita_b18","A fully geocentric model",""
"temples.ganita_c18","This was adapted from Babylonian sources and modified for Indian context",""
"temples.ganita_explain18","Nilakantha\",""
"temples.ganita_q19","The ancient Indian concept of ""Shunya"" (zero/void) influenced which philosophical and mathematical traditions?",""
"temples.ganita_a19","Buddhist Shunyata (emptiness), Arabic algebra (sifr → cipher → zero), and the entire foundation of modern computing (binary: 0 and 1)",""
"temples.ganita_b19","Only Indian mathematics",""
"temples.ganita_c19","A mythological reference, not a literal scientific achievement",""
"temples.ganita_explain19","The Indian zero traveled: Shunya → Arabic ""sifr"" → Latin ""zephirum"" → Italian ""zero."" Without it, no computers, no digital technology, no modern world.",""
"temples.shabda_q0","Panini\",""
"temples.shabda_a0","3,959 rules — creating the most complete and scientific grammar of any language in human history",""
"temples.shabda_b0","500 general guidelines",""
"temples.shabda_c0","This was achieved through trial and error, not systematic understanding",""
"temples.shabda_explain0","Panini\",""
"temples.shabda_q1","NASA scientist Rick Briggs wrote a paper in 1985 about Sanskrit. What was his conclusion?",""
"temples.shabda_a1","Sanskrit is the most unambiguous language for computer processing — its grammar is essentially already an algorithm",""
"temples.shabda_b1","Sanskrit has the most beautiful script",""
"temples.shabda_c1","A practice that modern science has found to have no measurable effect",""
"temples.shabda_explain1","Briggs\",""
"temples.shabda_q2","The concept of ""Sphotavada"" in Indian linguistics describes what revolutionary idea?",""
"temples.shabda_a2","Meaning (sphota) exists independently of sound — it ""bursts forth"" when heard. This is strikingly similar to modern semiotics and Noam Chomsky\",""
"temples.shabda_b2","That words are just random sounds",""
"temples.shabda_c2","This knowledge was common across all ancient civilizations simultaneously",""
"temples.shabda_explain2","Bhartrhari (5th century) argued that language has a universal underlying structure — a concept Chomsky independently proposed as Universal Grammar in the 20th century.",""
"temples.shabda_q3","The sound ""Om"" (ॐ) when measured with modern equipment vibrates at what frequency?",""
"temples.shabda_a3","136.1 Hz — which matches Earth\",""
"temples.shabda_b3","440 Hz (concert pitch A)",""
"temples.shabda_c3","A later interpolation added to manuscripts during medieval copying",""
"temples.shabda_explain3","This is calculated as: Earth\",""
"temples.shabda_q4","Sanskrit has 54 letters (including compound characters). How does the number 108 connect?",""
"temples.shabda_a4","54 letters × 2 (masculine Shiva + feminine Shakti form of each) = 108. Hence 108 beads on a mala, 108 Upanishads",""
"temples.shabda_b4","108 is just a lucky number",""
"temples.shabda_c4","This was a practice borrowed from ancient Greek traditions and later attributed to India",""
"temples.shabda_explain4","Each Sanskrit letter has a solar (Shiva) and lunar (Shakti) aspect. 54 × 2 = 108. This maps to astronomy: Sun diameter = 108× Earth diameter.",""
"temples.shabda_q5","The Gayatri Mantra has been chanted for 3,500+ years. What has neuroscience discovered about its effects?",""
"temples.shabda_a5","Regular chanting increases grey matter density in the hippocampus, reduces cortisol, and synchronizes brain hemispheres",""
"temples.shabda_b5","No measurable effect",""
"temples.shabda_c5","A technique developed during the Mughal period, not from ancient India",""
"temples.shabda_explain5","Mantra meditation activates the vagus nerve, triggers parasympathetic response, and creates measurable changes in brain wave patterns (alpha → theta states).",""
"temples.shabda_q6","The Sanskrit grammatical concept of ""Sandhi"" (joining) rules total over 900. What modern field uses similar rules?",""
"temples.shabda_a6","Compiler design in computer science — Sandhi rules are essentially string transformation algorithms identical to formal language theory",""
"temples.shabda_b6","Music composition",""
"temples.shabda_c6","This was primarily a Chinese innovation that reached India through trade routes",""
"temples.shabda_explain6","When two Sanskrit words combine, Sandhi rules transform their junction sounds — exactly like how compilers parse and transform code. Same mathematical structure.",""
"temples.shabda_q7","Ancient Indians believed that each chakra is activated by a specific ""Bija Mantra."" What are they?",""
"temples.shabda_a7","LAM, VAM, RAM, YAM, HAM, OM, AUM — each a specific vibrational frequency targeting a different nerve plexus",""
"temples.shabda_b7","They are random syllables",""
"temples.shabda_c7","A medieval European concept that was later projected onto ancient Indian texts",""
"temples.shabda_explain7","Modern bioacoustics shows different frequencies affect different body regions. The bija mantras produce vibrations in the exact body areas corresponding to their chakras.",""
"temples.shabda_q8","The Vedas were transmitted orally for over 3,000 years WITHOUT writing. How was perfect preservation achieved?",""
"temples.shabda_a8","Eight levels of recitation patterns (Vikritis) — forward, backward, woven, zigzag — creating error-correction through redundancy",""
"temples.shabda_b8","Monks just memorized them normally",""
"temples.shabda_c8","This knowledge was preserved only in oral tradition and has no archaeological evidence",""
"temples.shabda_explain8","The Vikritis are like checksums in computing. Ghana Patha (the densest pattern) recombines words in 13 different orders. Any change in even one syllable would break all patterns.",""
"temples.shabda_q9","The ancient text Natya Shastra by Bharata describes what comprehensive art form?",""
"temples.shabda_a9","The world\",""
"temples.shabda_b9","Only classical dance",""
"temples.shabda_c9","A practice limited to royal courts and never reached common people",""
"temples.shabda_explain9","Written ~200 BCE, the Natya Shastra defines 8 Rasas (emotional essences), 108 dance poses, and musical ragas. It\",""
"temples.shabda_q10","What is unique about the Brahmi script from which most Asian scripts evolved?",""
"temples.shabda_a10","It\",""
"temples.shabda_b10","It\",""
"temples.shabda_c10","A later reconstruction by scholars, not part of the original ancient tradition",""
"temples.shabda_explain10","Brahmi (3rd century BCE) spawned the largest script family in history. Every script from India to Southeast Asia traces back to its principles.",""
"temples.shabda_q11","The Indian concept of ""Naad Brahma"" means what?",""
"temples.shabda_a11","""Sound is God"" — the universe was created from primordial vibration. Modern string theory says the same: all matter is vibrating strings of energy",""
"temples.shabda_b11","A type of drum",""
"temples.shabda_c11","This was developed by Persian scholars who studied at Indian universities",""
"temples.shabda_explain11","The Nada Yoga tradition teaches that cosmic vibration underlies all existence. Remarkably, this mirrors quantum field theory\",""
"temples.shabda_q12","How many ragas (melodic frameworks) does the Indian classical music system contain?",""
"temples.shabda_a12","Theoretically 72 Melakarta ragas (Carnatic) and hundreds of derivative ragas — each linked to a time of day, season, and emotion",""
"temples.shabda_b12","About 12, like Western scales",""
"temples.shabda_c12","A symbolic representation in religious texts, not an actual scientific achievement",""
"temples.shabda_explain12","Each raga is prescribed for a specific time (morning, evening, monsoon) because its frequencies supposedly resonate with those cosmic conditions. This is Raga Chikitsa — music therapy.",""
"temples.shabda_q13","Tamil Sangam literature (300 BCE - 300 CE) describes five landscape-emotion mappings. What is this system called?",""
"temples.shabda_a13","Tinai — Kurinji (mountains/union), Mullai (forest/patience), Marudham (farmland/quarrel), Neidhal (seashore/longing), Palai (desert/separation)",""
"temples.shabda_b13","A weather classification",""
"temples.shabda_c13","This technology was lost during the Gupta period and never recovered",""
"temples.shabda_explain13","This may be the world\",""
"temples.shabda_q14","The concept of ""Shruti"" in Indian music refers to what micro-tonal precision?",""
"temples.shabda_a14","22 Shrutis per octave — Indian music divides an octave into 22 micro-intervals vs Western music\",""
"temples.shabda_b14","The loudness of music",""
"temples.shabda_c14","A later addition to the texts, not part of the original ancient knowledge",""
"temples.shabda_explain14","This gives Indian music its characteristic emotional depth. 22 Shrutis allow subtle pitch bending (gamaka) that Western equal temperament cannot express.",""
"temples.shabda_q15","Tolkappiyam, the oldest Tamil grammar text, describes what unique concept?",""
"temples.shabda_a15","A complete linguistic framework for a Dravidian language — phonology, morphology, syntax, and poetics — independent of Sanskrit influence",""
"temples.shabda_b15","Only poetry rules",""
"temples.shabda_c15","This was a theoretical concept that was never practically implemented",""
"temples.shabda_explain15","Dated to ~200 BCE, Tolkappiyam proves the Dravidian linguistic tradition developed sophisticated grammar independently, parallel to Panini\",""
"temples.shabda_q16","The Yoga Sutras of Patanjali use a specific linguistic technique to compress massive knowledge. What is it?",""
"temples.shabda_a16","Sutra style — each verse is maximally compressed, like a zip file. 196 sutras encode an entire philosophy that takes thousands of pages to unpack",""
"temples.shabda_b16","They are long poems",""
"temples.shabda_c16","A folk tradition with no basis in systematic scientific observation",""
"temples.shabda_explain16","""Sutra"" literally means ""thread."" Like a seed containing an entire tree, each sutra contains layers of meaning revealed through commentary and meditation.",""
"temples.shabda_q17","What did the ancient Indian grammarian Yaska contribute to linguistics?",""
"temples.shabda_a17","The Nirukta (~500 BCE) — the world\",""
"temples.shabda_b17","A poetry anthology",""
"temples.shabda_c17","This knowledge existed only in one small region and was not widespread",""
"temples.shabda_explain17","Yaska\",""
"temples.shabda_q18","The 49 letters of the Sanskrit alphabet are called ""Matrikas"" (mothers). How are they organized?",""
"temples.shabda_a18","By the exact place of articulation in the mouth — throat (Ka), palate (Cha), cerebrum (Ta), teeth (Ta), lips (Pa). A perfect phonetic map of the human vocal system",""
"temples.shabda_b18","Alphabetically like English",""
"temples.shabda_c18","A 19th-century reconstruction by colonial scholars, not genuinely ancient",""
"temples.shabda_explain18","Sanskrit\",""
"temples.shabda_q19","The Bhagavad Gita contains exactly 700 verses. What meta-structure do scholars note?",""
"temples.shabda_a19","18 chapters × 3 sections of 6 = Karma Yoga (1-6), Bhakti Yoga (7-12), Jnana Yoga (13-18). Each section addresses a different path to liberation",""
"temples.shabda_b19","Random collection of teachings",""
"temples.shabda_c19","This was adapted from Babylonian sources and modified for Indian context",""
"temples.shabda_explain19","The Gita\",""
"temples.jyotish_q0","Aryabhata (499 CE) made a revolutionary claim about Earth. What was it?",""
"temples.jyotish_a0","Earth rotates on its own axis — the stars appear to move, but it\",""
"temples.jyotish_b0","Earth is the center of the universe",""
"temples.jyotish_c0","A mythological reference, not a literal scientific achievement",""
"temples.jyotish_explain0","Aryabhata wrote in the Aryabhatiya: ""Just as a man in a boat moving forward sees the stationary objects moving backward, so are the stationary stars seen by people on Earth as moving westward.""",""
"temples.jyotish_q1","The Surya Siddhanta (~400 CE) calculated the sidereal year with what accuracy?",""
"temples.jyotish_a1","365.258756 days — off by only 1.4 seconds from the modern value of 365.256363 days",""
"temples.jyotish_b1","Roughly 365 days",""
"temples.jyotish_c1","This was achieved through trial and error, not systematic understanding",""
"temples.jyotish_explain1","This extraordinary precision was achieved through centuries of naked-eye observation and mathematical refinement — no telescopes, no satellites, pure intellect.",""
"temples.jyotish_q2","Brahmagupta (628 CE) described something that wouldn\",""
"temples.jyotish_a2","Gravity — ""objects fall to Earth due to its nature of attraction."" He called it ""gurutvaakarshana""",""
"temples.jyotish_b2","The speed of light",""
"temples.jyotish_c2","A practice that modern science has found to have no measurable effect",""
"temples.jyotish_explain2","In Brahmasphutasiddhanta, Brahmagupta described gravitational attraction 1,059 years before Newton\",""
"temples.jyotish_q3","The 27 Nakshatras of Vedic astronomy divide the ecliptic into segments of what size?",""
"temples.jyotish_a3","13 degrees 20 minutes each — creating a precise stellar coordinate system for tracking the Moon\",""
"temples.jyotish_b3","Random star groupings",""
"temples.jyotish_c3","This knowledge was common across all ancient civilizations simultaneously",""
"temples.jyotish_explain3","Unlike Western constellations (artistic patterns), Nakshatras are a precise mathematical grid. The Moon visits one Nakshatra per day in its 27.3-day orbit.",""
"temples.jyotish_q4","Vedic astronomers predicted eclipses using Rahu and Ketu. What ARE Rahu and Ketu scientifically?",""
"temples.jyotish_a4","The ascending and descending lunar nodes — mathematical points where the Moon\",""
"temples.jyotish_b4","Physical celestial bodies",""
"temples.jyotish_c4","A later interpolation added to manuscripts during medieval copying",""
"temples.jyotish_explain4","Eclipses occur ONLY when the Sun is near these nodes. Indian astronomers understood this geometry and built eclipse tables (panchanga) that remain accurate today.",""
"temples.jyotish_q5","The number 108 appears repeatedly in Indian astronomy. What\",""
"temples.jyotish_a5","Sun\",""
"temples.jyotish_b5","It\",""
"temples.jyotish_c5","A later reconstruction by scholars, not part of the original ancient tradition",""
"temples.jyotish_explain5","These astronomical ratios being so close to 108 is extraordinary. Whether coincidence or ancient observation, the ancients encoded this number into mala beads, temple designs, and spiritual practices.",""
"temples.jyotish_q6","Varahamihira (505 CE) predicted what natural phenomenon in his Brihat Samhita?",""
"temples.jyotish_a6","Earthquakes — from ant behavior, well water changes, and animal patterns. He also correctly described the water cycle and rain formation",""
"temples.jyotish_b6","Solar flares",""
"temples.jyotish_c6","This was a practice borrowed from ancient Greek traditions and later attributed to India",""
"temples.jyotish_explain6","Varahamihira\",""
"temples.jyotish_q7","Maharaja Jai Singh II built massive observatories (Jantar Mantar) using what principle?",""
"temples.jyotish_a7","Larger instruments = more precision. His sundials and sextants were the size of buildings — the Samrat Yantra at Jaipur is 27 meters tall",""
"temples.jyotish_b7","Telescopes imported from Europe",""
"temples.jyotish_c7","A technique developed during the Mughal period, not from ancient India",""
"temples.jyotish_explain7","By making instruments building-sized, Jai Singh achieved 2-second accuracy in time measurement. The Jaipur observatory (1734) was the most accurate pre-telescopic observatory ever built.",""
"temples.jyotish_q8","The Kerala School of Astronomy (Madhava, ~1340 CE) independently discovered what mathematical tools for computing planetary positions?",""
"temples.jyotish_a8","Infinite series expansions for trigonometric functions — the foundation of calculus, 200 years before Newton and Leibniz",""
"temples.jyotish_b8","Basic multiplication tables",""
"temples.jyotish_c8","This was primarily a Chinese innovation that reached India through trade routes",""
"temples.jyotish_explain8","Madhava\",""
"temples.jyotish_q9","What was the ancient Indian concept of ""Yuga"" and how does it relate to astronomical cycles?",""
"temples.jyotish_a9","A time cycle system — the Mahayuga (4.32 million years) closely relates to the precession of equinoxes and long-period planetary alignments",""
"temples.jyotish_b9","A religious myth with no astronomical basis",""
"temples.jyotish_c9","A medieval European concept that was later projected onto ancient Indian texts",""
"temples.jyotish_explain9","The precession cycle (25,920 years) divides evenly into Vedic time units. The Yuga system may encode knowledge of Earth\",""
"temples.jyotish_q10","Nilakantha Somayaji (1444-1544 CE) proposed what model of the solar system?",""
"temples.jyotish_a10","A partially heliocentric model where Mercury and Venus orbit the Sun, which orbits Earth — MORE accurate than Copernicus for planetary positions",""
"temples.jyotish_b10","A pure geocentric model",""
"temples.jyotish_c10","This knowledge was preserved only in oral tradition and has no archaeological evidence",""
"temples.jyotish_explain10","Nilakantha\",""
"temples.jyotish_q11","Ancient Indian astronomers knew the speed of light. The Rig Veda\",""
"temples.jyotish_a11","""The Sun traverses 2,202 yojanas in half a nimesha"" — which calculates to approximately 299,000 km/s (modern value: 299,792 km/s)",""
"temples.jyotish_b11","Light is instantaneous",""
"temples.jyotish_c11","A practice limited to royal courts and never reached common people",""
"temples.jyotish_explain11","While the exact interpretation is debated, the calculation from Vedic units produces a number strikingly close to the speed of light. Coincidence or ancient knowledge? The debate continues.",""
"temples.jyotish_q12","The Panchanga (Hindu calendar) integrates how many different time cycles simultaneously?",""
"temples.jyotish_a12","Five: Tithi (lunar day), Nakshatra (Moon\",""
"temples.jyotish_b12","Just solar and lunar",""
"temples.jyotish_c12","This was developed by Persian scholars who studied at Indian universities",""
"temples.jyotish_explain12","This five-fold calendar is one of the most complex timekeeping systems ever devised. It tracks the Moon, Sun, planets, and stars simultaneously for ritual and agricultural timing.",""
"temples.jyotish_q13","What did Bhaskara II discover about the instantaneous speed of a planet?",""
"temples.jyotish_a13","The concept of instantaneous velocity — he computed the differential of planetary motion, essentially inventing the derivative in astronomy",""
"temples.jyotish_b13","That all planets move at the same speed",""
"temples.jyotish_c13","A symbolic representation in religious texts, not an actual scientific achievement",""
"temples.jyotish_explain13","Bhaskara II\",""
"temples.jyotish_q14","The ancient Indian unit ""Truti"" is the smallest time measure in the Surya Siddhanta. How small is it?",""
"temples.jyotish_a14","29.6 microseconds — an incredibly precise time unit with no practical use in daily life, implying theoretical knowledge of very short time intervals",""
"temples.jyotish_b14","About 1 second",""
"temples.jyotish_c14","This technology was lost during the Gupta period and never recovered",""
"temples.jyotish_explain14","Why would ancient astronomers need a unit of 29.6 microseconds? This has puzzled scholars. It suggests either incredibly refined theoretical thinking or lost technological applications.",""
"temples.jyotish_q15","Lalla (8th century CE) wrote the Shishyadhivriddhida. What correction did he make to Aryabhata\",""
"temples.jyotish_a15","He refined planetary orbital calculations and improved eclipse prediction accuracy — correcting systematic errors while crediting Aryabhata",""
"temples.jyotish_b15","He rejected all of Aryabhata\",""
"temples.jyotish_c15","A later reconstruction by scholars, not part of the original ancient tradition",""
"temples.jyotish_explain15","Indian astronomy was not static — each generation improved upon predecessors. Lalla\",""
"temples.jyotish_q16","What is the ""Ayanamsha"" in Indian astronomy?",""
"temples.jyotish_a16","The angular difference between tropical and sidereal zodiacs — caused by Earth\",""
"temples.jyotish_b16","A type of telescope",""
"temples.jyotish_c16","A later addition to the texts, not part of the original ancient knowledge",""
"temples.jyotish_explain16","Indian astronomers tracked this precession-caused drift for centuries. The ayanamsha value is critical for Vedic astrology and is still debated (Lahiri, Raman, Pushya-paksha values).",""
"temples.jyotish_q17","The Siddhantic tradition of Indian astronomy spans roughly how many centuries?",""
"temples.jyotish_a17","Over 2,000 years — from Lagadha\",""
"temples.jyotish_b17","About 200 years",""
"temples.jyotish_c17","This was a theoretical concept that was never practically implemented",""
"temples.jyotish_explain17","This is one of the longest continuous scientific traditions in human history. Each century added refinements, with major texts roughly every 200 years.",""
"temples.jyotish_q18","Aryabhata proposed that the orbits of planets are what shape?",""
"temples.jyotish_a18","Elliptical — he described planetary orbits as slightly non-circular, 1,100 years before Kepler\",""
"temples.jyotish_b18","Perfect circles",""
"temples.jyotish_c18","A folk tradition with no basis in systematic scientific observation",""
"temples.jyotish_explain18","While Aryabhata didn\",""
"temples.jyotish_q19","The word ""astronomy"" has a Sanskrit parallel — ""Jyotish Shastra."" What does ""Jyotish"" literally mean?",""
"temples.jyotish_a19","""Science of Light"" — encompassing astronomy, astrology, and mathematics as one unified study of cosmic illumination",""
"temples.jyotish_b19","""Star counting""",""
"temples.jyotish_c19","This knowledge existed only in one small region and was not widespread",""
"temples.jyotish_explain19","In the Vedic tradition, astronomy, astrology, and mathematics were not separate — they were three aspects of understanding cosmic light (jyoti) and its influence on life.",""
"temples.rajniti_q0","Chanakya\",""
"temples.rajniti_a0","15 books covering statecraft, economics, military strategy, law, espionage, diplomacy, and administration",""
"temples.rajniti_b0","3 short chapters",""
"temples.rajniti_c0","A 19th-century reconstruction by colonial scholars, not genuinely ancient",""
"temples.rajniti_explain0","The Arthashastra is 5,000+ pages of detailed governance — tax systems, price controls, spy networks, fort design, foreign policy. Machiavelli\",""
"temples.rajniti_q1","Takshashila (Taxila) is considered the world\",""
"temples.rajniti_a1","Around 700 BCE — hosting 10,500+ students from across Asia studying 60+ subjects including medicine, astronomy, law, and warfare",""
"temples.rajniti_b1","Around 200 CE",""
"temples.rajniti_c1","This was adapted from Babylonian sources and modified for Indian context",""
"temples.rajniti_explain1","Students came from Babylon, Greece, Syria, Arabia, and China. Panini, Chanakya, and Jivaka (Buddha\",""
"temples.rajniti_q2","Nalanda University at its peak had how many students and what library?",""
"temples.rajniti_a2","10,000+ students, 2,000+ teachers, and a 9-storey library called ""Dharmaganja"" (Treasury of Truth) that burned for 3 months when destroyed",""
"temples.rajniti_b2","About 500 students with a small library",""
"temples.rajniti_c2","A mythological reference, not a literal scientific achievement",""
"temples.rajniti_explain2","Nalanda (5th-12th century CE) was the world\",""
"temples.rajniti_q3","The Arthashastra describes a complete intelligence network. What was its structure?",""
"temples.rajniti_a3","A sophisticated spy system with 9 types of agents — disguised as monks, merchants, students, ascetics, and beggars. Including women spies (Vishakanya)",""
"temples.rajniti_b3","Just a few royal advisors",""
"temples.rajniti_c3","This was achieved through trial and error, not systematic understanding",""
"temples.rajniti_explain3","Chanakya\",""
"temples.rajniti_q4","The ancient Indian game of Chaturanga evolved into what modern game?",""
"temples.rajniti_a4","Chess — Chaturanga (literally ""four limbs of the army"": infantry, cavalry, elephants, chariots) spread to Persia as Shatranj and then to Europe",""
"temples.rajniti_b4","Ludo",""
"temples.rajniti_c4","A practice that modern science has found to have no measurable effect",""
"temples.rajniti_explain4","Chaturanga\",""
"temples.rajniti_q5","Thiruvalluvar\",""
"temples.rajniti_a5","Its 1,330 couplets cover ethics, governance, love, and economics with such universal truth that it\",""
"temples.rajniti_b5","It\",""
"temples.rajniti_c5","A later reconstruction by scholars, not part of the original ancient tradition",""
"temples.rajniti_explain5","Thirukkural is completely secular — no mention of any god, caste, or religion. Its ethical principles are so universal that scholars compare it to the combined works of Aristotle, Machiavelli, and Confucius.",""
"temples.rajniti_q6","The Maurya Empire under Chandragupta (321-297 BCE) was one of the largest in the world. What was unique about its administration?",""
"temples.rajniti_a6","A highly organized bureaucracy with departments for commerce, agriculture, mining, weights & measures, foreigners, and infrastructure — described in detail in the Arthashastra",""
"temples.rajniti_b6","Rule by military force alone",""
"temples.rajniti_c6","This knowledge was common across all ancient civilizations simultaneously",""
"temples.rajniti_explain6","Chandragupta\",""
"temples.rajniti_q7","The ancient Indian concept of ""Dharma Yuddha"" (righteous warfare) included what humane rules?",""
"temples.rajniti_a7","No attacking non-combatants, no night attacks, no poisoning water, no burning crops, wounded enemies must be treated — documented in the Mahabharata and Manu Smriti",""
"temples.rajniti_b7","Total war with no rules",""
"temples.rajniti_c7","A later interpolation added to manuscripts during medieval copying",""
"temples.rajniti_explain7","These rules of warfare predate the Geneva Convention by over 2,000 years. The Mahabharata describes detailed codes of combat honor that mirror modern rules of engagement.",""
"temples.rajniti_q8","The Panchayat system of village self-governance originated in ancient India. What is it?",""
"temples.rajniti_a8","A council of five (panch = five) elected elders governing locally — resolving disputes, managing resources, and maintaining justice at the village level",""
"temples.rajniti_b8","A system of taxation",""
"temples.rajniti_c8","This was a practice borrowed from ancient Greek traditions and later attributed to India",""
"temples.rajniti_explain8","This decentralized democracy operated for millennia across India. Mahatma Gandhi called Panchayati Raj the foundation of true democracy. It\",""
"temples.rajniti_q9","What economic concept did the Arthashastra describe that is considered modern macroeconomics?",""
"temples.rajniti_a9","Price stabilization through government grain reserves — buying when prices are low, selling when high to prevent inflation and famine",""
"temples.rajniti_b9","Free market capitalism",""
"temples.rajniti_c9","A technique developed during the Mughal period, not from ancient India",""
"temples.rajniti_explain9","Chanakya described what economists now call ""buffer stock schemes"" and ""counter-cyclical fiscal policy"" — 2,300 years before Keynes proposed similar ideas.",""
"temples.rajniti_q10","Vikramaditya\",""
"temples.rajniti_a10","Nine scholars of exceptional talent — Kalidasa (poet), Varahamihira (astronomer), Dhanvantari (physician), among others, each a master of their domain",""
"temples.rajniti_b10","Nine precious gemstones in his crown",""
"temples.rajniti_c10","This was primarily a Chinese innovation that reached India through trade routes",""
"temples.rajniti_explain10","The Navaratna tradition shows how ancient Indian courts valued scholarship alongside power. Knowledge was considered as precious as any gem.",""
"temples.rajniti_q11","The concept of ""Arthashastra"" itself means what?",""
"temples.rajniti_a11","""Science of Wealth/Material Prosperity"" — it treats economics, governance, and strategy as a rigorous science, not just political advice",""
"temples.rajniti_b11","""Art of War""",""
"temples.rajniti_c11","A medieval European concept that was later projected onto ancient Indian texts",""
"temples.rajniti_explain11","Unlike Sun Tzu\",""
"temples.rajniti_q12","What legal principle in the Arthashastra parallels the modern concept of consumer protection?",""
"temples.rajniti_a12","Strict quality control — sellers who adulterated goods, used false weights, or misrepresented products faced heavy fines and public shaming",""
"temples.rajniti_b12","Buyer beware (caveat emptor)",""
"temples.rajniti_c12","This knowledge was preserved only in oral tradition and has no archaeological evidence",""
"temples.rajniti_explain12","Chanakya\",""
"temples.rajniti_q13","The ancient Indian university system had a unique admission process. What was it?",""
"temples.rajniti_a13","Students debated existing scholars at the gate — if you couldn\",""
"temples.rajniti_b13","Wealthy families bought admission",""
"temples.rajniti_c13","A practice limited to royal courts and never reached common people",""
"temples.rajniti_explain13","At Nalanda, Xuanzang (Chinese scholar) records being questioned by scholars at the gate. Only the intellectually worthy gained admission. Education was free for deserving students.",""
"temples.rajniti_q14","Ashoka\",""
"temples.rajniti_a14","Renunciation of war and adoption of Dhamma (righteousness) — healthcare for humans AND animals, environmental protection, religious tolerance for all faiths",""
"temples.rajniti_b14","Expansion of military bases",""
"temples.rajniti_c14","This was developed by Persian scholars who studied at Indian universities",""
"temples.rajniti_explain14","After the devastating Kalinga War, Ashoka carved his policies on rock across his empire. He established hospitals, planted trees along roads, and protected 24 animal species. History\",""
"temples.rajniti_q15","The Indus Valley Civilization (3300-1300 BCE) showed remarkably egalitarian urban planning. What evidence supports this?",""
"temples.rajniti_a15","No palaces, temples, or royal tombs found — houses were similarly sized, all had private bathrooms, and the Great Bath at Mohenjo-daro served all citizens",""
"temples.rajniti_b15","A clear class hierarchy visible in architecture",""
"temples.rajniti_c15","A symbolic representation in religious texts, not an actual scientific achievement",""
"temples.rajniti_explain15","The absence of monumental royal architecture in Harappan cities is unique among ancient civilizations. It suggests a society organized around civic welfare rather than royal power.",""
"temples.rajniti_q16","What does the Arthashastra say about environmental management?",""
"temples.rajniti_a16","Detailed forest management — reserved forests, elephant sanctuaries, timber harvesting regulations, and penalties for destroying trees or polluting water",""
"temples.rajniti_b16","Nothing about the environment",""
"temples.rajniti_c16","This technology was lost during the Gupta period and never recovered",""
"temples.rajniti_explain16","Chanakya established what we\",""
"temples.rajniti_q17","The ancient Indian concept of ""Rajadharma"" means what?",""
"temples.rajniti_a17","""The king\",""
"temples.rajniti_b17","The king is divine and must be obeyed",""
"temples.rajniti_c17","A later addition to the texts, not part of the original ancient knowledge",""
"temples.rajniti_explain17","Rajadharma is revolutionary: power comes with responsibility. The Mahabharata states: ""There is no greater sin than a king who does not protect his subjects."" This is constitutional monarchy before constitutions.",""
"temples.rajniti_q18","Kautilya (Chanakya) described what intelligence methodology that modern agencies still use?",""
"temples.rajniti_a18","The principle of ""disinformation through truth"" — spreading true but misleading information to manipulate enemy decisions",""
"temples.rajniti_b18","Simple military scouts",""
"temples.rajniti_c18","This was a theoretical concept that was never practically implemented",""
"temples.rajniti_explain18","Chanakya\",""
"temples.rajniti_q19","The Sangha system in Buddhism and Jainism pioneered what organizational concept?",""
"temples.rajniti_a19","Democratic decision-making by consensus — rules voted upon, dissent recorded, minorities protected. A functioning republic within a religious order",""
"temples.rajniti_b19","Absolute authority of the leader",""
"temples.rajniti_c19","A folk tradition with no basis in systematic scientific observation",""
"temples.rajniti_explain19","The Sangha\",""
"temples.krishi_q0","The Indus Valley civilization (3000 BCE) practiced what advanced agricultural technique?",""
"temples.krishi_a0","Flood-retreat farming along the Indus + irrigation channels + granary storage systems covering entire cities",""
"temples.krishi_b0","Only rain-fed farming",""
"temples.krishi_c0","This knowledge existed only in one small region and was not widespread",""
"temples.krishi_explain0","Harappan cities had centralized granaries (like Mohenjo-daro\",""
"temples.krishi_q1","The ancient Indian text ""Krishi Parasara"" (1st century CE) describes what?",""
"temples.krishi_a1","A complete agricultural manual — soil classification, seed selection, weather prediction, crop rotation, pest management, and water harvesting",""
"temples.krishi_b1","Only prayers for good harvest",""
"temples.krishi_c1","A 19th-century reconstruction by colonial scholars, not genuinely ancient",""
"temples.krishi_explain1","Krishi Parasara is one of the world\",""
"temples.krishi_q2","Surapala\",""
"temples.krishi_a2","Plant science (botany/arboriculture) — seed germination, plant diseases, grafting techniques, natural pesticides, and soil improvement",""
"temples.krishi_b2","Animal husbandry",""
"temples.krishi_c2","This was adapted from Babylonian sources and modified for Indian context",""
"temples.krishi_explain2","Vrikshayurveda describes bio-pesticides (neem, turmeric), organic fertilizers (decomposed matter), and even plant hormones — 1,000 years before modern botany.",""
"temples.krishi_q3","The ""Tankha"" system of water management in Rajasthan is how old?",""
"temples.krishi_a3","Over 5,000 years — underground cisterns that harvest every drop of rain in the desert, keeping water cool through evaporative cooling",""
"temples.krishi_b3","About 500 years",""
"temples.krishi_c3","A mythological reference, not a literal scientific achievement",""
"temples.krishi_explain3","Rajasthan\",""
"temples.krishi_q4","India domesticated which crop that now feeds half the world?",""
"temples.krishi_a4","Rice — domesticated in the Ganges plains ~8000 BCE, making India one of the two independent origins of rice cultivation",""
"temples.krishi_b4","Wheat",""
"temples.krishi_c4","This was achieved through trial and error, not systematic understanding",""
"temples.krishi_explain4","Archaeological evidence from Lahuradewa (UP) shows rice cultivation ~8000 BCE. India gave the world rice, cotton, sugarcane, jute, and many spices.",""
"temples.krishi_q5","The Arthashastra describes a government department for what environmental purpose?",""
"temples.krishi_a5","Forest management — reserved forests, wildlife protection, regulated timber harvesting, and penalties for harming certain trees",""
"temples.krishi_b5","Mining and extraction",""
"temples.krishi_c5","A practice that modern science has found to have no measurable effect",""
"temples.krishi_explain5","Chanakya established what we\",""
"temples.krishi_q6","What is ""Panchagavya"" in traditional Indian agriculture?",""
"temples.krishi_a6","A mixture of five cow products (milk, curd, ghee, urine, dung) used as organic fertilizer and pest repellent",""
"temples.krishi_b6","A type of crop rotation",""
"temples.krishi_c6","This knowledge was common across all ancient civilizations simultaneously",""
"temples.krishi_explain6","Modern studies show Panchagavya contains beneficial microorganisms that improve soil health, enhance plant growth, and act as a natural bio-pesticide.",""
"temples.krishi_q7","The Chola dynasty\",""
"temples.krishi_a7","An interconnected network of tanks (eris), channels, and sluice gates that harvested monsoon water and distributed it year-round",""
"temples.krishi_b7","Deep bore wells",""
"temples.krishi_c7","A later interpolation added to manuscripts during medieval copying",""
"temples.krishi_explain7","The Chola tank system is one of the most sophisticated pre-modern irrigation networks. Some tanks are still in use after 1,000+ years.",""
"temples.krishi_q8","India is the origin of which fiber crop that clothed the ancient world?",""
"temples.krishi_a8","Cotton — first cultivated in the Indus Valley ~5000 BCE. The word ""cotton"" comes from Arabic ""qutn"" which came from Sanskrit ""karpasa""",""
"temples.krishi_b8","Silk",""
"temples.krishi_c8","This was a practice borrowed from ancient Greek traditions and later attributed to India",""
"temples.krishi_explain8","India was spinning and weaving cotton millennia before Egypt or China. Harappan cotton fragments are the oldest known cotton textiles in the world.",""
"temples.krishi_q9","The practice of ""mixed cropping"" or ""milpa"" in India involves what?",""
"temples.krishi_a9","Growing multiple complementary crops together — legumes fix nitrogen for cereals, tall plants shade shorter ones, deep roots access different soil layers",""
"temples.krishi_b9","Planting one crop at a time",""
"temples.krishi_c9","A technique developed during the Mughal period, not from ancient India",""
"temples.krishi_explain9","Traditional Indian multi-cropping systems grow 10+ crops in one field. Modern permaculture and regenerative agriculture are rediscovering these ancient polyculture techniques.",""
"temples.krishi_q10","Neem (Azadirachta indica) has been used in Indian agriculture for millennia. What did modern science discover?",""
"temples.krishi_a10","Azadirachtin, the active compound, disrupts insect hormones and is now used in over 200 commercial bio-pesticides worldwide",""
"temples.krishi_b10","Neem has no insecticidal properties",""
"temples.krishi_c10","This was primarily a Chinese innovation that reached India through trade routes",""
"temples.krishi_explain10","India\",""
"temples.krishi_q11","What is the ""Zabo"" system practiced in Nagaland?",""
"temples.krishi_a11","An integrated farming system where forests on hilltops feed streams that flow through terraced paddy fields into fish ponds — a complete ecological cycle",""
"temples.krishi_b11","Slash and burn farming",""
"temples.krishi_c11","A medieval European concept that was later projected onto ancient Indian texts",""
"temples.krishi_explain11","Zabo (meaning ""impounding water"") is a brilliant example of indigenous ecological engineering — zero waste, self-sustaining, and carbon-neutral.",""
"temples.krishi_q12","The ancient Indian practice of ""Agnihotra"" involves burning cow dung and ghee at specific times. What has research found?",""
"temples.krishi_a12","The smoke purifies air, the ash enriches soil, and the ritual times align with atmospheric changes at sunrise/sunset that enhance the effect",""
"temples.krishi_b12","No measurable effect",""
"temples.krishi_c12","This knowledge was preserved only in oral tradition and has no archaeological evidence",""
"temples.krishi_explain12","Studies by agriculture universities show Agnihotra ash improves soil quality, plant growth, and can reduce pathogenic bacteria in the surrounding atmosphere.",""
"temples.krishi_q13","India\",""
"temples.krishi_a13","A rainwater harvesting farmland — earthen embankments collect rare desert rain, allowing crops to grow on stored soil moisture for months",""
"temples.krishi_b13","An underground tunnel system",""
"temples.krishi_c13","A practice limited to royal courts and never reached common people",""
"temples.krishi_explain13","Khadins have been sustainably farming the Thar Desert for over 500 years. They\",""
"temples.krishi_q14","The spice trade from India shaped world history. What percentage of the world\",""
"temples.krishi_a14","Over 75% — including black pepper, cardamom, turmeric, cinnamon, cloves, and ginger. Pepper was worth more than gold in medieval Europe",""
"temples.krishi_b14","About 25%",""
"temples.krishi_c14","This was developed by Persian scholars who studied at Indian universities",""
"temples.krishi_explain14","The search for Indian spices drove Columbus to discover America (he was looking for India) and the Portuguese to sail around Africa. Spices literally redrew the world map.",""
"temples.krishi_q15","What is ""Wadi"" — the traditional tribal orchard system of western India?",""
"temples.krishi_a15","Community orchards combining fruit trees, crops, and livestock on degraded land — turning wastelands into productive ecosystems within 5 years",""
"temples.krishi_b15","A type of well",""
"temples.krishi_c15","A symbolic representation in religious texts, not an actual scientific achievement",""
"temples.krishi_explain15","The Wadi system developed by tribal communities has been recognized by the World Bank as one of the most successful models of sustainable livelihoods in dry regions.",""
"temples.krishi_q16","Ancient Indians classified soils by what sensory method?",""
"temples.krishi_a16","Taste — sweet soil (fertile), sour soil (acidic), salty soil (saline), bitter soil (alkaline). This roughly maps to modern pH testing",""
"temples.krishi_b16","Color only",""
"temples.krishi_c16","This technology was lost during the Gupta period and never recovered",""
"temples.krishi_explain16","Krishi Parasara prescribes soil tasting as a diagnostic tool. Modern soil scientists confirm the correlation between taste perception and soil chemistry.",""
"temples.krishi_q17","The ""Ahar-Pyne"" system of Bihar is what?",""
"temples.krishi_a17","An ancient flood water harvesting system — low embankments (ahars) capture monsoon overflow, and channels (pynes) divert river water to fields. Some are 2,000+ years old",""
"temples.krishi_b17","A type of plough",""
"temples.krishi_c17","A later addition to the texts, not part of the original ancient knowledge",""
"temples.krishi_explain17","The Ahar-Pyne system irrigated Bihar\",""
"temples.krishi_q18","What traditional Indian practice has inspired the modern ""seed bank"" movement?",""
"temples.krishi_a18","Beej Bachao Andolan — Indian farmers have preserved thousands of indigenous seed varieties through community seed exchanges for centuries",""
"temples.krishi_b18","Factory seed production",""
"temples.krishi_c18","This was a theoretical concept that was never practically implemented",""
"temples.krishi_explain18","India\",""
"temples.krishi_q19","The Kalinjar fort region has ancient rock-cut water channels that function even today. What engineering principle do they use?",""
"temples.krishi_a19","Gravity-fed cascade systems — water flows from higher tanks to lower ones through precisely cut channels, with sedimentation chambers to purify water naturally",""
"temples.krishi_b19","Pump systems",""
"temples.krishi_c19","A folk tradition with no basis in systematic scientific observation",""
"temples.krishi_explain19","These 1,000+ year old systems use only gravity, geometry, and an understanding of hydrology. No moving parts, no energy input — pure passive engineering.",""
"temples.kala_q0","Bharata\",""
"temples.kala_a0","Performing arts — 36 chapters covering drama, dance, music, stage design, audience psychology, costumes, makeup, and the theory of Rasa (emotional essence)",""
"temples.kala_b0","Only dance techniques",""
"temples.kala_c0","This knowledge existed only in one small region and was not widespread",""
"temples.kala_explain0","No other ancient civilization produced anything comparable in scope. It defines 8 Rasas, 108 dance poses, 64 acting techniques, and complete stagecraft.",""
"temples.kala_q1","The concept of ""Rasa"" in Indian aesthetics describes what revolutionary idea?",""
"temples.kala_a1","Art doesn\",""
"temples.kala_b1","Different painting techniques",""
"temples.kala_c1","A 19th-century reconstruction by colonial scholars, not genuinely ancient",""
"temples.kala_explain1","Rasa theory says great art transmutes personal emotion into universal experience. This idea influenced Western aesthetics 2,000 years later through scholars like Schiller and Hegel.",""
"temples.kala_q2","Indian classical music divides the octave into how many micro-intervals (Shrutis)?",""
"temples.kala_a2","22 Shrutis — almost twice Western music\",""
"temples.kala_b2","12, same as Western music",""
"temples.kala_c2","This was adapted from Babylonian sources and modified for Indian context",""
"temples.kala_explain2","This micro-tonal precision gives Indian ragas their characteristic emotional depth — the ability to express shades of sadness, joy, and longing that fixed-pitch instruments miss.",""
"temples.kala_q3","Each Raga in Indian classical music is prescribed for a specific time of day. Why?",""
"temples.kala_a3","Different times have different atmospheric qualities and human hormonal states — morning ragas align with cortisol, evening ragas with melatonin",""
"temples.kala_b3","Just tradition with no reason",""
"temples.kala_c3","A mythological reference, not a literal scientific achievement",""
"temples.kala_explain3","Chronobiology validates this: our neurochemistry changes throughout the day. Raga time theory intuitively matched musical frequencies to circadian rhythms.",""
"temples.kala_q4","Kalaripayattu, the martial art of Kerala, is considered the mother of what?",""
"temples.kala_a4","Many Asian martial arts — Buddhist monks carried Kalaripayattu techniques to China (Shaolin), where they evolved into Kung Fu, and later Karate",""
"temples.kala_b4","Only yoga",""
"temples.kala_c4","This was achieved through trial and error, not systematic understanding",""
"temples.kala_explain4","Bodhidharma, an Indian monk, is traditionally credited with bringing physical training techniques to the Shaolin Temple. The Chinese character for martial art (武) contains elements of Indian origin.",""
"temples.kala_q5","The bronze Nataraja (Dancing Shiva) sculpture is considered what by modern physicists?",""
"temples.kala_a5","A perfect representation of cosmic dance — the cycle of creation and destruction at the subatomic level. A Nataraja stands at CERN, the particle physics lab",""
"temples.kala_b5","Just a religious idol",""
"temples.kala_c5","A practice that modern science has found to have no measurable effect",""
"temples.kala_explain5","Fritjof Capra\",""
"temples.kala_q6","The Ajanta cave paintings (2nd century BCE – 5th century CE) demonstrate what artistic technique?",""
"temples.kala_a6","Chiaroscuro (light-shadow modeling), perspective, and emotional expression — techniques Europe wouldn\",""
"temples.kala_b6","Only flat painting without depth",""
"temples.kala_c6","This knowledge was common across all ancient civilizations simultaneously",""
"temples.kala_explain6","Ajanta\",""
"temples.kala_q7","Bharatanatyam, one of the oldest dance forms in the world, encodes what in its movements?",""
"temples.kala_a7","Mathematical geometry — each pose (Karana) follows precise angular relationships. 108 Karanas describe all possible movements of the human body",""
"temples.kala_b7","Random artistic expression",""
"temples.kala_c7","A later interpolation added to manuscripts during medieval copying",""
"temples.kala_explain7","The 108 Karanas of the Natya Shastra systematically map every possible combination of body positions. It\",""
"temples.kala_q8","The Thanjavur painting tradition uses what unique material that makes the artwork three-dimensional?",""
"temples.kala_a8","Gold leaf applied over gesso (chalk and binding medium) relief work — creating raised, glittering surfaces that catch light from different angles",""
"temples.kala_b8","Only flat paint",""
"temples.kala_c8","This was a practice borrowed from ancient Greek traditions and later attributed to India",""
"temples.kala_explain8","Thanjavur paintings combine painting, sculpture, and goldwork. The embossed gold surfaces create a luminous 3D effect that changes with viewing angle — an art technology.",""
"temples.kala_q9","The Indian game of ""Pallankuzhi"" (mancala) teaches what mathematical concept?",""
"temples.kala_a9","Combinatorial thinking, resource management, and strategic planning — it\",""
"temples.kala_b9","Just a children\",""
"temples.kala_c9","A later reconstruction by scholars, not part of the original ancient tradition",""
"temples.kala_explain9","Mancala games originated in India/Africa and encode sophisticated mathematical concepts. Modern game theorists study mancala for its perfect information, zero-sum game properties.",""
"temples.kala_q10","What is unique about the way Indian classical musicians learn?",""
"temples.kala_a10","The Guru-Shishya Parampara — years of one-on-one transmission, where the student absorbs not just technique but the spiritual essence of music through direct experience",""
"temples.kala_b10","Reading sheet music",""
"temples.kala_c10","A technique developed during the Mughal period, not from ancient India",""
"temples.kala_explain10","Indian music is primarily oral tradition. The guru transmits something that notation cannot capture — the feel, the mood, the micro-tonal inflections that make a raga come alive.",""
"temples.kala_q11","The concept of ""Mudra"" (hand gestures) in Indian dance has how many single-hand positions?",""
"temples.kala_a11","28 Asamyuta Hasta (single-hand) + 24 Samyuta Hasta (combined-hand) = 52 basic mudras, each with multiple meanings depending on context",""
"temples.kala_b11","About 10",""
"temples.kala_c11","This was primarily a Chinese innovation that reached India through trade routes",""
"temples.kala_explain11","These 52 mudras, combined with facial expressions (Abhinaya) and body positions, create a complete visual language. A skilled dancer can ""speak"" entire stories without words.",""
"temples.kala_q12","The Ellora caves contain what architectural marvel carved from a single rock?",""
"temples.kala_a12","Kailasa Temple — the largest monolithic structure in the world. Carved top-down from a cliff face, removing 200,000 tonnes of rock, taking over 150 years",""
"temples.kala_b12","A simple prayer room",""
"temples.kala_c12","A medieval European concept that was later projected onto ancient Indian texts",""
"temples.kala_explain12","Kailasa Temple is carved downward — you can\",""
"temples.kala_q13","Indian textile art gave the world which technique that revolutionized global fashion?",""
"temples.kala_a13","Chintz (from Hindi ""chint"") — printed cotton fabric using resist-dyeing and mordant techniques. Europe couldn\",""
"temples.kala_b13","Silk weaving",""
"temples.kala_c13","This knowledge was preserved only in oral tradition and has no archaeological evidence",""
"temples.kala_explain13","Indian chintz was so popular in 17th-18th century Europe that France and England BANNED it to protect their wool industries. The ban failed — people loved it too much.",""
"temples.kala_q14","The Sangam literature of Tamil Nadu (~300 BCE-300 CE) created what unique literary framework?",""
"temples.kala_a14","Tinai — mapping 5 landscapes to 5 emotional states. Mountains=union, forest=patience, farmland=quarrel, seashore=longing, desert=separation",""
"temples.kala_b14","Just nature poetry",""
"temples.kala_c14","A practice limited to royal courts and never reached common people",""
"temples.kala_explain14","This may be the world\",""
"temples.kala_q15","The concept of ""Tala"" (rhythmic cycle) in Indian music involves what mathematical complexity?",""
"temples.kala_a15","Cycles of up to 128 beats with subdivisions, polyrhythmic overlays, and mathematical patterns like Fibonacci-like sequences within the rhythm",""
"temples.kala_b15","Simple 4/4 time like Western music",""
"temples.kala_c15","This was developed by Persian scholars who studied at Indian universities",""
"temples.kala_explain15","A Carnatic musician might perform in a 35-beat tala cycle while improvising complex mathematical patterns within it. This demands extraordinary mental computation in real-time.",""
"temples.kala_q16","Rangoli/Kolam designs drawn daily in Indian homes encode what mathematical concept?",""
"temples.kala_a16","Fractal geometry and Euler circuits — single continuous lines that cover complex symmetric patterns without lifting the finger, demonstrating topological principles",""
"temples.kala_b16","Random decoration",""
"temples.kala_c16","A symbolic representation in religious texts, not an actual scientific achievement",""
"temples.kala_explain16","South Indian Kolam designs are studied by mathematicians for their graph theory properties. Some are perfect Euler circuits — traversing every edge exactly once.",""
"temples.kala_q17","The ancient Indian concept of ""Sarangi"" (the stringed instrument) means what literally?",""
"temples.kala_a17","""Sau Rangi"" — hundred colors/moods. It has 40 strings (3 main + 37 sympathetic) and can mimic the human voice more closely than any other instrument",""
"temples.kala_b17","""Three strings""",""
"temples.kala_c17","This technology was lost during the Gupta period and never recovered",""
"temples.kala_explain17","The Sarangi\",""
"temples.kala_q18","What makes the Pattachitra painting tradition of Odisha unique?",""
"temples.kala_a18","Natural pigments made from stones, plants, and lampblack, applied on cloth treated with a mixture of chalk and tamarind seed gum — lasting centuries without fading",""
"temples.kala_b18","Use of synthetic paints",""
"temples.kala_c18","A later addition to the texts, not part of the original ancient knowledge",""
"temples.kala_explain18","Pattachitra artists prepare their own pigments from rocks, flowers, and charcoal. The traditional tamarind gum base creates a surface that holds color for hundreds of years.",""
"temples.kala_q19","Kalidasa, often called the ""Shakespeare of India,"" wrote in which century?",""
"temples.kala_a19","~4th-5th century CE — over 1,000 years before Shakespeare. His play Shakuntala influenced Goethe, who said it contained ""the whole round of art and nature""",""
"temples.kala_b19","12th century CE",""
"temples.kala_c19","This was a theoretical concept that was never practically implemented",""
"temples.kala_explain19","Kalidasa\",""
"temples.darshan_q0","How many classical schools of Indian philosophy (Darshanas) exist?",""
"temples.darshan_a0","Six orthodox (Astika): Nyaya, Vaisheshika, Samkhya, Yoga, Mimamsa, Vedanta — plus heterodox schools like Buddhism, Jainism, Charvaka",""
"temples.darshan_b0","Only one — Vedanta",""
"temples.darshan_c0","A folk tradition with no basis in systematic scientific observation",""
"temples.darshan_explain0","India\",""
"temples.darshan_q1","The Vaisheshika school (~600 BCE) proposed what theory that modern physics confirmed?",""
"temples.darshan_a1","Atomic theory — all matter is composed of indivisible atoms (paramanu) that combine to form molecules (dvyanuka) and larger structures",""
"temples.darshan_b1","That matter is continuous",""
"temples.darshan_c1","This knowledge existed only in one small region and was not widespread",""
"temples.darshan_explain1","Kanada, founder of Vaisheshika, described atoms 2,400 years before Dalton. He classified all existence into 9 categories (dravya) — remarkably similar to modern classification systems.",""
"temples.darshan_q2","Adi Shankaracharya\",""
"temples.darshan_a2","Brahman (universal consciousness) is the ONLY reality. The material world (Maya) is an appearance, not a separate substance — consciousness is fundamental",""
"temples.darshan_b2","The material world is the only reality",""
"temples.darshan_c2","A 19th-century reconstruction by colonial scholars, not genuinely ancient",""
"temples.darshan_explain2","This mirrors some interpretations of quantum mechanics — the ""observer effect"" suggests consciousness plays a role in manifesting physical reality. Shankara stated this in the 8th century.",""
"temples.darshan_q3","The Nyaya school developed what logical system that predates Western formal logic?",""
"temples.darshan_a3","A complete system of logic with 16 categories — including inference rules, debate methodology, fallacy classification, and proof theory",""
"temples.darshan_b3","Only basic reasoning",""
"temples.darshan_c3","This was adapted from Babylonian sources and modified for Indian context",""
"temples.darshan_explain3","Nyaya logic includes Anumana (inference) with 5-step syllogism, which is more detailed than Aristotle\",""
"temples.darshan_q4","The Buddhist concept of ""Shunyata"" (emptiness) parallels what in modern physics?",""
"temples.darshan_a4","Quantum field theory — particles are not ""things"" but excitations of underlying fields. Everything is relational, nothing has independent existence",""
"temples.darshan_b4","The Big Bang",""
"temples.darshan_c4","A mythological reference, not a literal scientific achievement",""
"temples.darshan_explain4","Nagarjuna (2nd century CE) argued that nothing has inherent existence — everything is interdependent. Modern physicists like Carlo Rovelli draw direct parallels to quantum mechanics.",""
"temples.darshan_q5","The Samkhya school\",""
"temples.darshan_a5","The ""hard problem of consciousness"" — how does subjective experience arise from physical matter? Samkhya argued they are fundamentally different substances",""
"temples.darshan_b5","The nature of gravity",""
"temples.darshan_c5","This was achieved through trial and error, not systematic understanding",""
"temples.darshan_explain5","David Chalmers coined ""the hard problem"" in 1995. Samkhya philosophers identified the same problem 2,500 years ago — consciousness and matter seem fundamentally different.",""
"temples.darshan_q6","Jain philosophy\",""
"temples.darshan_a6","Every truth has multiple valid perspectives — no single viewpoint captures complete reality. This is intellectual humility as a philosophical principle",""
"temples.darshan_b6","There is only one truth",""
"temples.darshan_c6","A practice that modern science has found to have no measurable effect",""
"temples.darshan_explain6","Anekantavada is strikingly similar to quantum complementarity — Bohr\",""
"temples.darshan_q7","The Yoga Sutras describe ""Chitta Vritti Nirodha"" — what does neuroscience say about this?",""
"temples.darshan_a7","Stilling mental fluctuations corresponds to Default Mode Network deactivation — reducing self-referential thinking, which meditation measurably achieves",""
"temples.darshan_b7","It\",""
"temples.darshan_c7","A later reconstruction by scholars, not part of the original ancient tradition",""
"temples.darshan_explain7","fMRI studies show advanced meditators deactivate the DMN (the brain\",""
"temples.darshan_q8","The concept of ""Maya"" (illusion) in Vedanta has what parallel in modern physics?",""
"temples.darshan_a8","The holographic principle — the idea that our 3D reality might be a projection from a 2D surface. What we perceive may not be ""real"" in the way we think",""
"temples.darshan_b8","Nothing in physics",""
"temples.darshan_c8","This knowledge was common across all ancient civilizations simultaneously",""
"temples.darshan_explain8","Physicists like Leonard Susskind propose that our universe might be a holographic projection. Shankara\",""
"temples.darshan_q9","Charvaka, the ancient Indian materialist school, argued what radical position?",""
"temples.darshan_a9","Only direct perception is valid knowledge. There is no soul, no afterlife, no karma. Enjoy life — ""as long as you live, live well""",""
"temples.darshan_b9","That God controls everything",""
"temples.darshan_c9","A later interpolation added to manuscripts during medieval copying",""
"temples.darshan_explain9","Ancient India had atheistic materialism 2,500 years ago. Charvaka rejected all supernatural claims, accepted only empirical evidence — essentially scientific materialism avant la lettre.",""
"temples.darshan_q10","The Buddhist concept of ""Pratityasamutpada"" (dependent origination) states what?",""
"temples.darshan_a10","Nothing exists independently — everything arises in dependence on conditions. Cause and effect form an interconnected web, not a linear chain",""
"temples.darshan_b10","Everything is random",""
"temples.darshan_c10","This was a practice borrowed from ancient Greek traditions and later attributed to India",""
"temples.darshan_explain10","This is remarkably similar to systems theory and complexity science. Modern ecology, chaos theory, and network science all describe reality as interconnected, not isolated.",""
"temples.darshan_q11","Mandukya Upanishad describes 4 states of consciousness. What are they?",""
"temples.darshan_a11","Jagrat (waking), Svapna (dreaming), Sushupti (deep sleep), and Turiya (the fourth — pure awareness beyond the other three)",""
"temples.darshan_b11","Only waking and sleeping",""
"temples.darshan_c11","A technique developed during the Mughal period, not from ancient India",""
"temples.darshan_explain11","Neuroscience now recognizes multiple consciousness states with distinct brain signatures. The ""fourth state"" during deep meditation shows unique neural patterns unlike waking, dreaming, or sleep.",""
"temples.darshan_q12","The Indian philosophical concept of ""Karma"" is not just about reward/punishment. What is its deeper meaning?",""
"temples.darshan_a12","Every action creates a tendency (samskara) in the mind that shapes future perception and behavior — essentially neuroplasticity described philosophically",""
"temples.darshan_b12","God keeping score",""
"temples.darshan_c12","This was primarily a Chinese innovation that reached India through trade routes",""
"temples.darshan_explain12","Karma is about habit formation and neural conditioning. Modern neuroscience confirms: repeated actions strengthen neural pathways (Hebb\",""
"temples.darshan_q13","The Upanishadic declaration ""Aham Brahmasmi"" (I am Brahman) means what philosophically?",""
"temples.darshan_a13","Individual consciousness and universal consciousness are identical — the separation between self and cosmos is an illusion. You ARE the universe experiencing itself",""
"temples.darshan_b13","I am God and can do anything",""
"temples.darshan_c13","A medieval European concept that was later projected onto ancient Indian texts",""
"temples.darshan_explain13","This is not egoism — it\",""
"temples.darshan_q14","The Buddhist philosopher Dignaga (~480 CE) developed what theory of knowledge?",""
"temples.darshan_a14","Apoha theory — we understand concepts not by what they ARE but by what they EXCLUDE. ""Cow"" means ""not horse, not tree, not stone."" Meaning is differential",""
"temples.darshan_b14","Simple categorization",""
"temples.darshan_c14","This knowledge was preserved only in oral tradition and has no archaeological evidence",""
"temples.darshan_explain14","Ferdinand de Saussure\",""
"temples.darshan_q15","The Bhagavad Gita presents how many paths to liberation?",""
"temples.darshan_a15","Three main paths: Karma Yoga (action), Bhakti Yoga (devotion), and Jnana Yoga (knowledge) — plus Raja Yoga. Each suits a different temperament",""
"temples.darshan_b15","Only one — prayer",""
"temples.darshan_c15","A practice limited to royal courts and never reached common people",""
"temples.darshan_explain15","The Gita\",""
"temples.darshan_q16","The concept of ""Spanda"" in Kashmir Shaivism describes what?",""
"temples.darshan_a16","A divine creative pulsation or vibration that underlies all reality — the universe is a continuous vibration of consciousness",""
"temples.darshan_b16","A dance form",""
"temples.darshan_c16","This was developed by Persian scholars who studied at Indian universities",""
"temples.darshan_explain16","String theory proposes that all matter is vibrating strings of energy. Kashmir Shaivism\",""
"temples.darshan_q17","Mahavira\",""
"temples.darshan_a17","Seven — ""maybe it is,"" ""maybe it is not,"" ""maybe it is and is not,"" etc. This is a formal 7-valued logic system, 2,500 years before fuzzy logic",""
"temples.darshan_b17","Two — true or false",""
"temples.darshan_c17","A symbolic representation in religious texts, not an actual scientific achievement",""
"temples.darshan_explain17","Lotfi Zadeh\",""
"temples.darshan_q18","The Yoga Vasistha describes reality using which metaphor that modern physics echoes?",""
"temples.darshan_a18","""As a dream city appears and disappears in consciousness, so does the universe."" Reality is consciousness projecting experience — not external objects existing independently",""
"temples.darshan_b18","A clock mechanism",""
"temples.darshan_c18","This technology was lost during the Gupta period and never recovered",""
"temples.darshan_explain18","The simulation hypothesis, the holographic principle, and idealist interpretations of quantum mechanics all echo the Yoga Vasistha\",""
"temples.darshan_q19","The ancient Indian debate between ""Svabhava"" (self-nature) and ""Parabhava"" (other-nature) addresses what fundamental question?",""
"temples.darshan_a19","Do things have intrinsic properties, or are all properties relational? This is the same question modern physics asks about quantum particles",""
"temples.darshan_b19","Property ownership rights",""
"temples.darshan_c19","A later addition to the texts, not part of the original ancient knowledge",""
"temples.darshan_explain19","In quantum mechanics, particles don\",""
